Group,nucl.intens_per_well
no scratch,11280.30071
no scratch,10458.91255
no scratch,11009.31304
no scratch,11743.95558
scratch,26975.11036
scratch,26868.3561
scratch,27220.27218
scratch,24397.42294